id_curso,id_periodo,id_area,titulo,fecha_impartida,duracion_min,descripcion,url_video,anio,num_semestre
1,1,1,Sistemas Operativos 1 - Introducción,2025-02-04 09:00:00,75,Sesión sobre Introducción - Sistemas Operativos 1,https://www.youtube.com/embed/dpLEgXcWtik?si=xsP39dFdfamVlugC,2025,1
2,1,2,Matemática Aplicada 1 - Repaso de fundamentos,2025-03-07 10:00:00,90,Sesión sobre Repaso de fundamentos - Matemática Aplicada 1,https://www.youtube.com/embed/dpLEgXcWtik?si=xsP39dFdfamVlugC,2025,1
3,1,3,Filosofía - Historia del pensamiento,2025-04-10 11:00:00,105,Sesión sobre Historia del pensamiento - Filosofía,https://www.youtube.com/embed/dpLEgXcWtik?si=xsP39dFdfamVlugC,2025,1
4,1,1,Sistemas Operativos 2 - Planificación avanzada,2025-05-13 12:00:00,120,Sesión sobre Planificación avanzada - Sistemas Operativos 2,https://www.youtube.com/embed/dpLEgXcWtik?si=xsP39dFdfamVlugC,2025,1
5,1,1,Bases de Datos 1 - Modelo relacional,2025-06-16 13:00:00,135,Sesión sobre Modelo relacional - Bases de Datos 1,https://www.youtube.com/embed/dpLEgXcWtik?si=xsP39dFdfamVlugC,2025,1
6,1,1,Análisis y Diseño de Sistemas 1 - Casos de uso,2025-07-19 14:00:00,60,Sesión sobre Casos de uso - Análisis y Diseño de Sistemas 1,https://www.youtube.com/embed/dpLEgXcWtik?si=xsP39dFdfamVlugC,2025,1
7,1,2,Matemática Aplicada 2 - Ecuaciones diferenciales,2025-08-22 15:00:00,75,Sesión sobre Ecuaciones diferenciales - Matemática Aplicada 2,https://www.youtube.com/embed/dpLEgXcWtik?si=xsP39dFdfamVlugC,2025,1
8,1,2,Estadística 1 - Distribuciones,2025-09-25 08:00:00,90,Sesión sobre Distribuciones - Estadística 1,https://www.youtube.com/embed/dpLEgXcWtik?si=xsP39dFdfamVlugC,2025,1
9,1,2,Álgebra Lineal 1 - Vectores,2025-10-01 09:00:00,105,Sesión sobre Vectores - Álgebra Lineal 1,https://www.youtube.com/embed/dpLEgXcWtik?si=xsP39dFdfamVlugC,2025,1
10,1,3,Filosofía de la Ciencia - Método científico,2025-11-04 10:00:00,120,Sesión sobre Método científico - Filosofía de la Ciencia,https://www.youtube.com/embed/dpLEgXcWtik?si=xsP39dFdfamVlugC,2025,1
11,1,3,Redacción y Comunicación Profesional - Redacción académica,2025-12-07 11:00:00,135,Sesión sobre Redacción académica - Redacción y Comunicación Profesional,https://www.youtube.com/embed/dpLEgXcWtik?si=xsP39dFdfamVlugC,2025,1
12,1,3,Economía - Oferta y demanda,2025-01-10 12:00:00,60,Sesión sobre Oferta y demanda - Economía,https://www.youtube.com/embed/dpLEgXcWtik?si=xsP39dFdfamVlugC,2025,1
1,2,1,Sistemas Operativos 1 - Procesos,2025-03-13 13:00:00,75,Sesión sobre Procesos - Sistemas Operativos 1,https://www.youtube.com/embed/dpLEgXcWtik?si=xsP39dFdfamVlugC,2025,2
2,2,2,Matemática Aplicada 1 - Límites,2025-04-16 14:00:00,90,Sesión sobre Límites - Matemática Aplicada 1,https://www.youtube.com/embed/dpLEgXcWtik?si=xsP39dFdfamVlugC,2025,2
3,2,3,Filosofía - Ética,2025-05-19 15:00:00,105,Sesión sobre Ética - Filosofía,https://www.youtube.com/embed/dpLEgXcWtik?si=xsP39dFdfamVlugC,2025,2
4,2,1,Sistemas Operativos 2 - Concurrencia,2025-06-22 08:00:00,120,Sesión sobre Concurrencia - Sistemas Operativos 2,https://www.youtube.com/embed/dpLEgXcWtik?si=xsP39dFdfamVlugC,2025,2
5,2,1,Bases de Datos 1 - Consultas SQL,2025-07-25 09:00:00,135,Sesión sobre Consultas SQL - Bases de Datos 1,https://www.youtube.com/embed/dpLEgXcWtik?si=xsP39dFdfamVlugC,2025,2
6,2,1,Análisis y Diseño de Sistemas 1 - Requerimientos,2025-08-01 10:00:00,60,Sesión sobre Requerimientos - Análisis y Diseño de Sistemas 1,https://www.youtube.com/embed/dpLEgXcWtik?si=xsP39dFdfamVlugC,2025,2
7,2,2,Matemática Aplicada 2 - Cálculo vectorial,2025-09-04 11:00:00,75,Sesión sobre Cálculo vectorial - Matemática Aplicada 2,https://www.youtube.com/embed/dpLEgXcWtik?si=xsP39dFdfamVlugC,2025,2
8,2,2,Estadística 1 - Inferencia,2025-10-07 12:00:00,90,Sesión sobre Inferencia - Estadística 1,https://www.youtube.com/embed/dpLEgXcWtik?si=xsP39dFdfamVlugC,2025,2
9,2,2,Álgebra Lineal 1 - Matrices,2025-11-10 13:00:00,105,Sesión sobre Matrices - Álgebra Lineal 1,https://www.youtube.com/embed/dpLEgXcWtik?si=xsP39dFdfamVlugC,2025,2
10,2,3,Filosofía de la Ciencia - Historia de la ciencia,2025-12-13 14:00:00,120,Sesión sobre Historia de la ciencia - Filosofía de la Ciencia,https://www.youtube.com/embed/dpLEgXcWtik?si=xsP39dFdfamVlugC,2025,2
11,2,3,Redacción y Comunicación Profesional - Comunicación oral,2025-01-16 15:00:00,135,Sesión sobre Comunicación oral - Redacción y Comunicación Profesional,https://www.youtube.com/embed/dpLEgXcWtik?si=xsP39dFdfamVlugC,2025,2
12,2,3,Economía - Costos,2025-02-19 08:00:00,60,Sesión sobre Costos - Economía,https://www.youtube.com/embed/dpLEgXcWtik?si=xsP39dFdfamVlugC,2025,2
1,3,1,Sistemas Operativos 1 - Planificación de CPU,2026-04-22 09:00:00,75,Sesión sobre Planificación de CPU - Sistemas Operativos 1,https://www.youtube.com/embed/dpLEgXcWtik?si=xsP39dFdfamVlugC,2026,1
2,3,2,Matemática Aplicada 1 - Derivadas,2026-05-25 10:00:00,90,Sesión sobre Derivadas - Matemática Aplicada 1,https://www.youtube.com/embed/dpLEgXcWtik?si=xsP39dFdfamVlugC,2026,1
3,3,3,Filosofía - Lógica,2026-06-01 11:00:00,105,Sesión sobre Lógica - Filosofía,https://www.youtube.com/embed/dpLEgXcWtik?si=xsP39dFdfamVlugC,2026,1
4,3,1,Sistemas Operativos 2 - Memoria virtual,2026-07-04 12:00:00,120,Sesión sobre Memoria virtual - Sistemas Operativos 2,https://www.youtube.com/embed/dpLEgXcWtik?si=xsP39dFdfamVlugC,2026,1
5,3,1,Bases de Datos 1 - Transacciones,2026-08-07 13:00:00,135,Sesión sobre Transacciones - Bases de Datos 1,https://www.youtube.com/embed/dpLEgXcWtik?si=xsP39dFdfamVlugC,2026,1
6,3,1,Análisis y Diseño de Sistemas 1 - Diagramas UML,2026-09-10 14:00:00,60,Sesión sobre Diagramas UML - Análisis y Diseño de Sistemas 1,https://www.youtube.com/embed/dpLEgXcWtik?si=xsP39dFdfamVlugC,2026,1
7,3,2,Matemática Aplicada 2 - Sucesiones,2026-10-13 15:00:00,75,Sesión sobre Sucesiones - Matemática Aplicada 2,https://www.youtube.com/embed/dpLEgXcWtik?si=xsP39dFdfamVlugC,2026,1
8,3,2,Estadística 1 - Regresión,2026-11-16 08:00:00,90,Sesión sobre Regresión - Estadística 1,https://www.youtube.com/embed/dpLEgXcWtik?si=xsP39dFdfamVlugC,2026,1
9,3,2,Álgebra Lineal 1 - Determinantes,2026-12-19 09:00:00,105,Sesión sobre Determinantes - Álgebra Lineal 1,https://www.youtube.com/embed/dpLEgXcWtik?si=xsP39dFdfamVlugC,2026,1
10,3,3,Filosofía de la Ciencia - Epistemología,2026-01-22 10:00:00,120,Sesión sobre Epistemología - Filosofía de la Ciencia,https://www.youtube.com/embed/dpLEgXcWtik?si=xsP39dFdfamVlugC,2026,1
11,3,3,Redacción y Comunicación Profesional - Argumentación,2026-02-25 11:00:00,135,Sesión sobre Argumentación - Redacción y Comunicación Profesional,https://www.youtube.com/embed/dpLEgXcWtik?si=xsP39dFdfamVlugC,2026,1
12,3,3,Economía - Producción,2026-03-01 12:00:00,60,Sesión sobre Producción - Economía,https://www.youtube.com/embed/dpLEgXcWtik?si=xsP39dFdfamVlugC,2026,1
1,4,1,Sistemas Operativos 1 - Sincronización,2026-05-04 13:00:00,75,Sesión sobre Sincronización - Sistemas Operativos 1,https://www.youtube.com/embed/dpLEgXcWtik?si=xsP39dFdfamVlugC,2026,2
2,4,2,Matemática Aplicada 1 - Integrales,2026-06-07 14:00:00,90,Sesión sobre Integrales - Matemática Aplicada 1,https://www.youtube.com/embed/dpLEgXcWtik?si=xsP39dFdfamVlugC,2026,2
3,4,3,Filosofía - Reflexión filosófica,2026-07-10 15:00:00,105,Sesión sobre Reflexión filosófica - Filosofía,https://www.youtube.com/embed/dpLEgXcWtik?si=xsP39dFdfamVlugC,2026,2
4,4,1,Sistemas Operativos 2 - Seguridad,2026-08-13 08:00:00,120,Sesión sobre Seguridad - Sistemas Operativos 2,https://www.youtube.com/embed/dpLEgXcWtik?si=xsP39dFdfamVlugC,2026,2
5,4,1,Bases de Datos 1 - Diseño de esquemas,2026-09-16 09:00:00,135,Sesión sobre Diseño de esquemas - Bases de Datos 1,https://www.youtube.com/embed/dpLEgXcWtik?si=xsP39dFdfamVlugC,2026,2
6,4,1,Análisis y Diseño de Sistemas 1 - Arquitectura,2026-10-19 10:00:00,60,Sesión sobre Arquitectura - Análisis y Diseño de Sistemas 1,https://www.youtube.com/embed/dpLEgXcWtik?si=xsP39dFdfamVlugC,2026,2
7,4,2,Matemática Aplicada 2 - Series de potencia,2026-11-22 11:00:00,75,Sesión sobre Series de potencia - Matemática Aplicada 2,https://www.youtube.com/embed/dpLEgXcWtik?si=xsP39dFdfamVlugC,2026,2
8,4,2,Estadística 1 - Muestreo,2026-12-25 12:00:00,90,Sesión sobre Muestreo - Estadística 1,https://www.youtube.com/embed/dpLEgXcWtik?si=xsP39dFdfamVlugC,2026,2
9,4,2,Álgebra Lineal 1 - Espacios vectoriales,2026-01-01 13:00:00,105,Sesión sobre Espacios vectoriales - Álgebra Lineal 1,https://www.youtube.com/embed/dpLEgXcWtik?si=xsP39dFdfamVlugC,2026,2
10,4,3,Filosofía de la Ciencia - Paradigmas,2026-02-04 14:00:00,120,Sesión sobre Paradigmas - Filosofía de la Ciencia,https://www.youtube.com/embed/dpLEgXcWtik?si=xsP39dFdfamVlugC,2026,2
11,4,3,Redacción y Comunicación Profesional - Normativa,2026-03-07 15:00:00,135,Sesión sobre Normativa - Redacción y Comunicación Profesional,https://www.youtube.com/embed/dpLEgXcWtik?si=xsP39dFdfamVlugC,2026,2
12,4,3,Economía - Mercados,2026-04-10 08:00:00,60,Sesión sobre Mercados - Economía,https://www.youtube.com/embed/dpLEgXcWtik?si=xsP39dFdfamVlugC,2026,2
1,5,1,Sistemas Operativos 1 - Gestión de memoria,2027-06-13 09:00:00,75,Sesión sobre Gestión de memoria - Sistemas Operativos 1,https://www.youtube.com/embed/dpLEgXcWtik?si=xsP39dFdfamVlugC,2027,1
2,5,2,Matemática Aplicada 1 - Series,2027-07-16 10:00:00,90,Sesión sobre Series - Matemática Aplicada 1,https://www.youtube.com/embed/dpLEgXcWtik?si=xsP39dFdfamVlugC,2027,1
3,5,3,Filosofía - Historia del pensamiento,2027-08-19 11:00:00,105,Sesión sobre Historia del pensamiento - Filosofía,https://www.youtube.com/embed/dpLEgXcWtik?si=xsP39dFdfamVlugC,2027,1
4,5,1,Sistemas Operativos 2 - Planificación avanzada,2027-09-22 12:00:00,120,Sesión sobre Planificación avanzada - Sistemas Operativos 2,https://www.youtube.com/embed/dpLEgXcWtik?si=xsP39dFdfamVlugC,2027,1
5,5,1,Bases de Datos 1 - Modelo relacional,2027-10-25 13:00:00,135,Sesión sobre Modelo relacional - Bases de Datos 1,https://www.youtube.com/embed/dpLEgXcWtik?si=xsP39dFdfamVlugC,2027,1
6,5,1,Análisis y Diseño de Sistemas 1 - Casos de uso,2027-11-01 14:00:00,60,Sesión sobre Casos de uso - Análisis y Diseño de Sistemas 1,https://www.youtube.com/embed/dpLEgXcWtik?si=xsP39dFdfamVlugC,2027,1
7,5,2,Matemática Aplicada 2 - Ecuaciones diferenciales,2027-12-04 15:00:00,75,Sesión sobre Ecuaciones diferenciales - Matemática Aplicada 2,https://www.youtube.com/embed/dpLEgXcWtik?si=xsP39dFdfamVlugC,2027,1
8,5,2,Estadística 1 - Distribuciones,2027-01-07 08:00:00,90,Sesión sobre Distribuciones - Estadística 1,https://www.youtube.com/embed/dpLEgXcWtik?si=xsP39dFdfamVlugC,2027,1
9,5,2,Álgebra Lineal 1 - Vectores,2027-02-10 09:00:00,105,Sesión sobre Vectores - Álgebra Lineal 1,https://www.youtube.com/embed/dpLEgXcWtik?si=xsP39dFdfamVlugC,2027,1
10,5,3,Filosofía de la Ciencia - Método científico,2027-03-13 10:00:00,120,Sesión sobre Método científico - Filosofía de la Ciencia,https://www.youtube.com/embed/dpLEgXcWtik?si=xsP39dFdfamVlugC,2027,1
11,5,3,Redacción y Comunicación Profesional - Redacción académica,2027-04-16 11:00:00,135,Sesión sobre Redacción académica - Redacción y Comunicación Profesional,https://www.youtube.com/embed/dpLEgXcWtik?si=xsP39dFdfamVlugC,2027,1
12,5,3,Economía - Oferta y demanda,2027-05-19 12:00:00,60,Sesión sobre Oferta y demanda - Economía,https://www.youtube.com/embed/dpLEgXcWtik?si=xsP39dFdfamVlugC,2027,1
1,6,1,Sistemas Operativos 1 - Sistemas de archivos,2027-07-22 13:00:00,75,Sesión sobre Sistemas de archivos - Sistemas Operativos 1,https://www.youtube.com/embed/dpLEgXcWtik?si=xsP39dFdfamVlugC,2027,2
2,6,2,Matemática Aplicada 1 - Optimización,2027-08-25 14:00:00,90,Sesión sobre Optimización - Matemática Aplicada 1,https://www.youtube.com/embed/dpLEgXcWtik?si=xsP39dFdfamVlugC,2027,2
3,6,3,Filosofía - Ética,2027-09-01 15:00:00,105,Sesión sobre Ética - Filosofía,https://www.youtube.com/embed/dpLEgXcWtik?si=xsP39dFdfamVlugC,2027,2
4,6,1,Sistemas Operativos 2 - Concurrencia,2027-10-04 08:00:00,120,Sesión sobre Concurrencia - Sistemas Operativos 2,https://www.youtube.com/embed/dpLEgXcWtik?si=xsP39dFdfamVlugC,2027,2
5,6,1,Bases de Datos 1 - Consultas SQL,2027-11-07 09:00:00,135,Sesión sobre Consultas SQL - Bases de Datos 1,https://www.youtube.com/embed/dpLEgXcWtik?si=xsP39dFdfamVlugC,2027,2
6,6,1,Análisis y Diseño de Sistemas 1 - Requerimientos,2027-12-10 10:00:00,60,Sesión sobre Requerimientos - Análisis y Diseño de Sistemas 1,https://www.youtube.com/embed/dpLEgXcWtik?si=xsP39dFdfamVlugC,2027,2
7,6,2,Matemática Aplicada 2 - Cálculo vectorial,2027-01-13 11:00:00,75,Sesión sobre Cálculo vectorial - Matemática Aplicada 2,https://www.youtube.com/embed/dpLEgXcWtik?si=xsP39dFdfamVlugC,2027,2
8,6,2,Estadística 1 - Inferencia,2027-02-16 12:00:00,90,Sesión sobre Inferencia - Estadística 1,https://www.youtube.com/embed/dpLEgXcWtik?si=xsP39dFdfamVlugC,2027,2
9,6,2,Álgebra Lineal 1 - Matrices,2027-03-19 13:00:00,105,Sesión sobre Matrices - Álgebra Lineal 1,https://www.youtube.com/embed/dpLEgXcWtik?si=xsP39dFdfamVlugC,2027,2
10,6,3,Filosofía de la Ciencia - Historia de la ciencia,2027-04-22 14:00:00,120,Sesión sobre Historia de la ciencia - Filosofía de la Ciencia,https://www.youtube.com/embed/dpLEgXcWtik?si=xsP39dFdfamVlugC,2027,2
11,6,3,Redacción y Comunicación Profesional - Comunicación oral,2027-05-25 15:00:00,135,Sesión sobre Comunicación oral - Redacción y Comunicación Profesional,https://www.youtube.com/embed/dpLEgXcWtik?si=xsP39dFdfamVlugC,2027,2
12,6,3,Economía - Costos,2027-06-01 08:00:00,60,Sesión sobre Costos - Economía,https://www.youtube.com/embed/dpLEgXcWtik?si=xsP39dFdfamVlugC,2027,2
1,1,1,Sistemas Operativos 1 - Introducción,2025-08-04 09:00:00,75,Sesión sobre Introducción - Sistemas Operativos 1,https://www.youtube.com/embed/dpLEgXcWtik?si=xsP39dFdfamVlugC,2025,1
2,1,2,Matemática Aplicada 1 - Repaso de fundamentos,2025-09-07 10:00:00,90,Sesión sobre Repaso de fundamentos - Matemática Aplicada 1,https://www.youtube.com/embed/dpLEgXcWtik?si=xsP39dFdfamVlugC,2025,1
3,1,3,Filosofía - Lógica,2025-10-10 11:00:00,105,Sesión sobre Lógica - Filosofía,https://www.youtube.com/embed/dpLEgXcWtik?si=xsP39dFdfamVlugC,2025,1
4,1,1,Sistemas Operativos 2 - Memoria virtual,2025-11-13 12:00:00,120,Sesión sobre Memoria virtual - Sistemas Operativos 2,https://www.youtube.com/embed/dpLEgXcWtik?si=xsP39dFdfamVlugC,2025,1
5,1,1,Bases de Datos 1 - Transacciones,2025-12-16 13:00:00,135,Sesión sobre Transacciones - Bases de Datos 1,https://www.youtube.com/embed/dpLEgXcWtik?si=xsP39dFdfamVlugC,2025,1
6,1,1,Análisis y Diseño de Sistemas 1 - Diagramas UML,2025-01-19 14:00:00,60,Sesión sobre Diagramas UML - Análisis y Diseño de Sistemas 1,https://www.youtube.com/embed/dpLEgXcWtik?si=xsP39dFdfamVlugC,2025,1
7,1,2,Matemática Aplicada 2 - Sucesiones,2025-02-22 15:00:00,75,Sesión sobre Sucesiones - Matemática Aplicada 2,https://www.youtube.com/embed/dpLEgXcWtik?si=xsP39dFdfamVlugC,2025,1
8,1,2,Estadística 1 - Regresión,2025-03-25 08:00:00,90,Sesión sobre Regresión - Estadística 1,https://www.youtube.com/embed/dpLEgXcWtik?si=xsP39dFdfamVlugC,2025,1
9,1,2,Álgebra Lineal 1 - Determinantes,2025-04-01 09:00:00,105,Sesión sobre Determinantes - Álgebra Lineal 1,https://www.youtube.com/embed/dpLEgXcWtik?si=xsP39dFdfamVlugC,2025,1
10,1,3,Filosofía de la Ciencia - Epistemología,2025-05-04 10:00:00,120,Sesión sobre Epistemología - Filosofía de la Ciencia,https://www.youtube.com/embed/dpLEgXcWtik?si=xsP39dFdfamVlugC,2025,1
11,1,3,Redacción y Comunicación Profesional - Argumentación,2025-06-07 11:00:00,135,Sesión sobre Argumentación - Redacción y Comunicación Profesional,https://www.youtube.com/embed/dpLEgXcWtik?si=xsP39dFdfamVlugC,2025,1
12,1,3,Economía - Producción,2025-07-10 12:00:00,60,Sesión sobre Producción - Economía,https://www.youtube.com/embed/dpLEgXcWtik?si=xsP39dFdfamVlugC,2025,1
1,2,1,Sistemas Operativos 1 - Procesos,2025-09-13 13:00:00,75,Sesión sobre Procesos - Sistemas Operativos 1,https://www.youtube.com/embed/dpLEgXcWtik?si=xsP39dFdfamVlugC,2025,2
2,2,2,Matemática Aplicada 1 - Límites,2025-10-16 14:00:00,90,Sesión sobre Límites - Matemática Aplicada 1,https://www.youtube.com/embed/dpLEgXcWtik?si=xsP39dFdfamVlugC,2025,2
3,2,3,Filosofía - Reflexión filosófica,2025-11-19 15:00:00,105,Sesión sobre Reflexión filosófica - Filosofía,https://www.youtube.com/embed/dpLEgXcWtik?si=xsP39dFdfamVlugC,2025,2
4,2,1,Sistemas Operativos 2 - Seguridad,2025-12-22 08:00:00,120,Sesión sobre Seguridad - Sistemas Operativos 2,https://www.youtube.com/embed/dpLEgXcWtik?si=xsP39dFdfamVlugC,2025,2
5,2,1,Bases de Datos 1 - Diseño de esquemas,2025-01-25 09:00:00,135,Sesión sobre Diseño de esquemas - Bases de Datos 1,https://www.youtube.com/embed/dpLEgXcWtik?si=xsP39dFdfamVlugC,2025,2
6,2,1,Análisis y Diseño de Sistemas 1 - Arquitectura,2025-02-01 10:00:00,60,Sesión sobre Arquitectura - Análisis y Diseño de Sistemas 1,https://www.youtube.com/embed/dpLEgXcWtik?si=xsP39dFdfamVlugC,2025,2
7,2,2,Matemática Aplicada 2 - Series de potencia,2025-03-04 11:00:00,75,Sesión sobre Series de potencia - Matemática Aplicada 2,https://www.youtube.com/embed/dpLEgXcWtik?si=xsP39dFdfamVlugC,2025,2
8,2,2,Estadística 1 - Muestreo,2025-04-07 12:00:00,90,Sesión sobre Muestreo - Estadística 1,https://www.youtube.com/embed/dpLEgXcWtik?si=xsP39dFdfamVlugC,2025,2
9,2,2,Álgebra Lineal 1 - Espacios vectoriales,2025-05-10 13:00:00,105,Sesión sobre Espacios vectoriales - Álgebra Lineal 1,https://www.youtube.com/embed/dpLEgXcWtik?si=xsP39dFdfamVlugC,2025,2
10,2,3,Filosofía de la Ciencia - Paradigmas,2025-06-13 14:00:00,120,Sesión sobre Paradigmas - Filosofía de la Ciencia,https://www.youtube.com/embed/dpLEgXcWtik?si=xsP39dFdfamVlugC,2025,2
11,2,3,Redacción y Comunicación Profesional - Normativa,2025-07-16 15:00:00,135,Sesión sobre Normativa - Redacción y Comunicación Profesional,https://www.youtube.com/embed/dpLEgXcWtik?si=xsP39dFdfamVlugC,2025,2
12,2,3,Economía - Mercados,2025-08-19 08:00:00,60,Sesión sobre Mercados - Economía,https://www.youtube.com/embed/dpLEgXcWtik?si=xsP39dFdfamVlugC,2025,2
1,3,1,Sistemas Operativos 1 - Planificación de CPU,2026-10-22 09:00:00,75,Sesión sobre Planificación de CPU - Sistemas Operativos 1,https://www.youtube.com/embed/dpLEgXcWtik?si=xsP39dFdfamVlugC,2026,1
2,3,2,Matemática Aplicada 1 - Derivadas,2026-11-25 10:00:00,90,Sesión sobre Derivadas - Matemática Aplicada 1,https://www.youtube.com/embed/dpLEgXcWtik?si=xsP39dFdfamVlugC,2026,1
3,3,3,Filosofía - Historia del pensamiento,2026-12-01 11:00:00,105,Sesión sobre Historia del pensamiento - Filosofía,https://www.youtube.com/embed/dpLEgXcWtik?si=xsP39dFdfamVlugC,2026,1
4,3,1,Sistemas Operativos 2 - Planificación avanzada,2026-01-04 12:00:00,120,Sesión sobre Planificación avanzada - Sistemas Operativos 2,https://www.youtube.com/embed/dpLEgXcWtik?si=xsP39dFdfamVlugC,2026,1
